tile,pos,fov,embryo,Estage,Experiment,DataStage,fov_info_path,segmentation_filetype,segmentation_width,segmentation_single,segmentation_single_path,segmentation_multiple_path_z1,segmentation_multiple_path_z2,segmentation_multiple_path_z3,segmentation_multiple_path_z4,segmentation_multiple_path_z5,segmentation_multiple_path_z6,molecules_single,molecules_single_path,molecules_path_z1,molecules_path_z2,molecules_path_z3,molecules_path_z4,molecules_path_z5,molecules_path_z6,width_pixels,width_um,angle,flip_x,flip_y,width_um_ome_tiff,min_seeds
embryo7_Pos8,Pos8,fov.9,embryo7,E6.5,020420,gastrulation,../Data/TimEmbryos-020420/slide_explorer/fovinfo_embryo7.csv,tif,2048,TRUE,../Data/TimEmbryos-020420/cell-segmentation-vanilla-020420-HybCycle0/MMStack_Pos8.ome.tif,NA,NA,NA,NA,NA,NA,FALSE,NA,NA,../Data/TimEmbryos-020420/output/analysis/local/filtered_points_min3seeds_pos8_z2.csv,../Data/TimEmbryos-020420/output/analysis/local/filtered_points_min3seeds_pos8_z3.csv,../Data/TimEmbryos-020420/output/analysis/local/filtered_points_min3seeds_pos8_z4.csv,../Data/TimEmbryos-020420/output/analysis/local/filtered_points_min3seeds_pos8_z5.csv,../Data/TimEmbryos-020420/output/analysis/local/filtered_points_min3seeds_pos8_z6.csv,2048,227,56,TRUE,FALSE,227.12,4
embryo7_Pos9,Pos9,fov.10,embryo7,E6.5,020420,gastrulation,../Data/TimEmbryos-020420/slide_explorer/fovinfo_embryo7.csv,tif,2048,TRUE,../Data/TimEmbryos-020420/cell-segmentation-vanilla-020420-HybCycle0/MMStack_Pos9.ome.tif,NA,NA,NA,NA,NA,NA,FALSE,NA,NA,../Data/TimEmbryos-020420/output/analysis/local/filtered_points_min3seeds_pos9_z2.csv,../Data/TimEmbryos-020420/output/analysis/local/filtered_points_min3seeds_pos9_z3.csv,../Data/TimEmbryos-020420/output/analysis/local/filtered_points_min3seeds_pos9_z4.csv,../Data/TimEmbryos-020420/output/analysis/local/filtered_points_min3seeds_pos9_z5.csv,../Data/TimEmbryos-020420/output/analysis/local/filtered_points_min3seeds_pos9_z6.csv,2048,227,56,TRUE,FALSE,227.12,4
embryo7_Pos10,Pos10,fov.11,embryo7,E6.5,020420,gastrulation,../Data/TimEmbryos-020420/slide_explorer/fovinfo_embryo7.csv,tif,2048,TRUE,../Data/TimEmbryos-020420/cell-segmentation-vanilla-020420-HybCycle0/MMStack_Pos10.ome.tif,NA,NA,NA,NA,NA,NA,FALSE,NA,NA,../Data/TimEmbryos-020420/output/analysis/local/filtered_points_min3seeds_pos10_z2.csv,../Data/TimEmbryos-020420/output/analysis/local/filtered_points_min3seeds_pos10_z3.csv,../Data/TimEmbryos-020420/output/analysis/local/filtered_points_min3seeds_pos10_z4.csv,../Data/TimEmbryos-020420/output/analysis/local/filtered_points_min3seeds_pos10_z5.csv,../Data/TimEmbryos-020420/output/analysis/local/filtered_points_min3seeds_pos10_z6.csv,2048,227,56,TRUE,FALSE,227.12,4
embryo7_Pos11,Pos11,fov.12,embryo7,E6.5,020420,gastrulation,../Data/TimEmbryos-020420/slide_explorer/fovinfo_embryo7.csv,tif,2048,TRUE,../Data/TimEmbryos-020420/cell-segmentation-vanilla-020420-HybCycle0/MMStack_Pos11.ome.tif,NA,NA,NA,NA,NA,NA,FALSE,NA,NA,../Data/TimEmbryos-020420/output/analysis/local/filtered_points_min3seeds_pos11_z2.csv,../Data/TimEmbryos-020420/output/analysis/local/filtered_points_min3seeds_pos11_z3.csv,../Data/TimEmbryos-020420/output/analysis/local/filtered_points_min3seeds_pos11_z4.csv,../Data/TimEmbryos-020420/output/analysis/local/filtered_points_min3seeds_pos11_z5.csv,../Data/TimEmbryos-020420/output/analysis/local/filtered_points_min3seeds_pos11_z6.csv,2048,227,56,TRUE,FALSE,227.12,4
embryo7_Pos12,Pos12,fov.13,embryo7,E6.5,020420,gastrulation,../Data/TimEmbryos-020420/slide_explorer/fovinfo_embryo7.csv,tif,2048,TRUE,../Data/TimEmbryos-020420/cell-segmentation-vanilla-020420-HybCycle0/MMStack_Pos12.ome.tif,NA,NA,NA,NA,NA,NA,FALSE,NA,NA,../Data/TimEmbryos-020420/output/analysis/local/filtered_points_min3seeds_pos12_z2.csv,../Data/TimEmbryos-020420/output/analysis/local/filtered_points_min3seeds_pos12_z3.csv,../Data/TimEmbryos-020420/output/analysis/local/filtered_points_min3seeds_pos12_z4.csv,../Data/TimEmbryos-020420/output/analysis/local/filtered_points_min3seeds_pos12_z5.csv,../Data/TimEmbryos-020420/output/analysis/local/filtered_points_min3seeds_pos12_z6.csv,2048,227,56,TRUE,FALSE,227.12,4
embryo7_Pos13,Pos13,fov.14,embryo7,E6.5,020420,gastrulation,../Data/TimEmbryos-020420/slide_explorer/fovinfo_embryo7.csv,tif,2048,TRUE,../Data/TimEmbryos-020420/cell-segmentation-vanilla-020420-HybCycle0/MMStack_Pos13.ome.tif,NA,NA,NA,NA,NA,NA,FALSE,NA,NA,../Data/TimEmbryos-020420/output/analysis/local/filtered_points_min3seeds_pos13_z2.csv,../Data/TimEmbryos-020420/output/analysis/local/filtered_points_min3seeds_pos13_z3.csv,../Data/TimEmbryos-020420/output/analysis/local/filtered_points_min3seeds_pos13_z4.csv,../Data/TimEmbryos-020420/output/analysis/local/filtered_points_min3seeds_pos13_z5.csv,../Data/TimEmbryos-020420/output/analysis/local/filtered_points_min3seeds_pos13_z6.csv,2048,227,56,TRUE,FALSE,227.12,4
embryo7_Pos14,Pos14,fov.15,embryo7,E6.5,020420,gastrulation,../Data/TimEmbryos-020420/slide_explorer/fovinfo_embryo7.csv,tif,2048,TRUE,../Data/TimEmbryos-020420/cell-segmentation-vanilla-020420-HybCycle0/MMStack_Pos14.ome.tif,NA,NA,NA,NA,NA,NA,FALSE,NA,NA,../Data/TimEmbryos-020420/output/analysis/local/filtered_points_min3seeds_pos14_z2.csv,../Data/TimEmbryos-020420/output/analysis/local/filtered_points_min3seeds_pos14_z3.csv,../Data/TimEmbryos-020420/output/analysis/local/filtered_points_min3seeds_pos14_z4.csv,../Data/TimEmbryos-020420/output/analysis/local/filtered_points_min3seeds_pos14_z5.csv,../Data/TimEmbryos-020420/output/analysis/local/filtered_points_min3seeds_pos14_z6.csv,2048,227,56,TRUE,FALSE,227.12,4
embryo7_Pos15,Pos15,fov.16,embryo7,E6.5,020420,gastrulation,../Data/TimEmbryos-020420/slide_explorer/fovinfo_embryo7.csv,tif,2048,TRUE,../Data/TimEmbryos-020420/cell-segmentation-vanilla-020420-HybCycle0/MMStack_Pos15.ome.tif,NA,NA,NA,NA,NA,NA,FALSE,NA,NA,../Data/TimEmbryos-020420/output/analysis/local/filtered_points_min3seeds_pos15_z2.csv,../Data/TimEmbryos-020420/output/analysis/local/filtered_points_min3seeds_pos15_z3.csv,../Data/TimEmbryos-020420/output/analysis/local/filtered_points_min3seeds_pos15_z4.csv,../Data/TimEmbryos-020420/output/analysis/local/filtered_points_min3seeds_pos15_z5.csv,../Data/TimEmbryos-020420/output/analysis/local/filtered_points_min3seeds_pos15_z6.csv,2048,227,56,TRUE,FALSE,227.12,4
embryo6_Pos0,Pos0,fov.1,embryo6,E6.5,020420,gastrulation,../Data/TimEmbryos-020420/slide_explorer/fovinfo_embryo6.csv,tif,2048,TRUE,../Data/TimEmbryos-020420/cell-segmentation-vanilla-020420-HybCycle0/MMStack_Pos0.ome.tif,NA,NA,NA,NA,NA,NA,FALSE,NA,NA,../Data/TimEmbryos-020420/output/analysis/local/filtered_points_min3seeds_pos0_z2.csv,../Data/TimEmbryos-020420/output/analysis/local/filtered_points_min3seeds_pos0_z3.csv,../Data/TimEmbryos-020420/output/analysis/local/filtered_points_min3seeds_pos0_z4.csv,../Data/TimEmbryos-020420/output/analysis/local/filtered_points_min3seeds_pos0_z5.csv,../Data/TimEmbryos-020420/output/analysis/local/filtered_points_min3seeds_pos0_z6.csv,2048,227,225,TRUE,TRUE,227.12,4
embryo6_Pos1,Pos1,fov.2,embryo6,E6.5,020420,gastrulation,../Data/TimEmbryos-020420/slide_explorer/fovinfo_embryo6.csv,tif,2048,TRUE,../Data/TimEmbryos-020420/cell-segmentation-vanilla-020420-HybCycle0/MMStack_Pos1.ome.tif,NA,NA,NA,NA,NA,NA,FALSE,NA,NA,../Data/TimEmbryos-020420/output/analysis/local/filtered_points_min3seeds_pos1_z2.csv,../Data/TimEmbryos-020420/output/analysis/local/filtered_points_min3seeds_pos1_z3.csv,../Data/TimEmbryos-020420/output/analysis/local/filtered_points_min3seeds_pos1_z4.csv,../Data/TimEmbryos-020420/output/analysis/local/filtered_points_min3seeds_pos1_z5.csv,../Data/TimEmbryos-020420/output/analysis/local/filtered_points_min3seeds_pos1_z6.csv,2048,227,225,TRUE,TRUE,227.12,4
embryo6_Pos2,Pos2,fov.3,embryo6,E6.5,020420,gastrulation,../Data/TimEmbryos-020420/slide_explorer/fovinfo_embryo6.csv,tif,2048,TRUE,../Data/TimEmbryos-020420/cell-segmentation-vanilla-020420-HybCycle0/MMStack_Pos2.ome.tif,NA,NA,NA,NA,NA,NA,FALSE,NA,NA,../Data/TimEmbryos-020420/output/analysis/local/filtered_points_min3seeds_pos2_z2.csv,../Data/TimEmbryos-020420/output/analysis/local/filtered_points_min3seeds_pos2_z3.csv,../Data/TimEmbryos-020420/output/analysis/local/filtered_points_min3seeds_pos2_z4.csv,../Data/TimEmbryos-020420/output/analysis/local/filtered_points_min3seeds_pos2_z5.csv,../Data/TimEmbryos-020420/output/analysis/local/filtered_points_min3seeds_pos2_z6.csv,2048,227,225,TRUE,TRUE,227.12,4
embryo6_Pos3,Pos3,fov.4,embryo6,E6.5,020420,gastrulation,../Data/TimEmbryos-020420/slide_explorer/fovinfo_embryo6.csv,tif,2048,TRUE,../Data/TimEmbryos-020420/cell-segmentation-vanilla-020420-HybCycle0/MMStack_Pos3.ome.tif,NA,NA,NA,NA,NA,NA,FALSE,NA,NA,../Data/TimEmbryos-020420/output/analysis/local/filtered_points_min3seeds_pos3_z2.csv,../Data/TimEmbryos-020420/output/analysis/local/filtered_points_min3seeds_pos3_z3.csv,../Data/TimEmbryos-020420/output/analysis/local/filtered_points_min3seeds_pos3_z4.csv,../Data/TimEmbryos-020420/output/analysis/local/filtered_points_min3seeds_pos3_z5.csv,../Data/TimEmbryos-020420/output/analysis/local/filtered_points_min3seeds_pos3_z6.csv,2048,227,225,TRUE,TRUE,227.12,4
embryo6_Pos4,Pos4,fov.5,embryo6,E6.5,020420,gastrulation,../Data/TimEmbryos-020420/slide_explorer/fovinfo_embryo6.csv,tif,2048,TRUE,../Data/TimEmbryos-020420/cell-segmentation-vanilla-020420-HybCycle0/MMStack_Pos4.ome.tif,NA,NA,NA,NA,NA,NA,FALSE,NA,NA,../Data/TimEmbryos-020420/output/analysis/local/filtered_points_min3seeds_pos4_z2.csv,../Data/TimEmbryos-020420/output/analysis/local/filtered_points_min3seeds_pos4_z3.csv,../Data/TimEmbryos-020420/output/analysis/local/filtered_points_min3seeds_pos4_z4.csv,../Data/TimEmbryos-020420/output/analysis/local/filtered_points_min3seeds_pos4_z5.csv,../Data/TimEmbryos-020420/output/analysis/local/filtered_points_min3seeds_pos4_z6.csv,2048,227,225,TRUE,TRUE,227.12,4
embryo6_Pos5,Pos5,fov.6,embryo6,E6.5,020420,gastrulation,../Data/TimEmbryos-020420/slide_explorer/fovinfo_embryo6.csv,tif,2048,TRUE,../Data/TimEmbryos-020420/cell-segmentation-vanilla-020420-HybCycle0/MMStack_Pos5.ome.tif,NA,NA,NA,NA,NA,NA,FALSE,NA,NA,../Data/TimEmbryos-020420/output/analysis/local/filtered_points_min3seeds_pos5_z2.csv,../Data/TimEmbryos-020420/output/analysis/local/filtered_points_min3seeds_pos5_z3.csv,../Data/TimEmbryos-020420/output/analysis/local/filtered_points_min3seeds_pos5_z4.csv,../Data/TimEmbryos-020420/output/analysis/local/filtered_points_min3seeds_pos5_z5.csv,../Data/TimEmbryos-020420/output/analysis/local/filtered_points_min3seeds_pos5_z6.csv,2048,227,225,TRUE,TRUE,227.12,4
embryo6_Pos6,Pos6,fov.7,embryo6,E6.5,020420,gastrulation,../Data/TimEmbryos-020420/slide_explorer/fovinfo_embryo6.csv,tif,2048,TRUE,../Data/TimEmbryos-020420/cell-segmentation-vanilla-020420-HybCycle0/MMStack_Pos6.ome.tif,NA,NA,NA,NA,NA,NA,FALSE,NA,NA,../Data/TimEmbryos-020420/output/analysis/local/filtered_points_min3seeds_pos6_z2.csv,../Data/TimEmbryos-020420/output/analysis/local/filtered_points_min3seeds_pos6_z3.csv,../Data/TimEmbryos-020420/output/analysis/local/filtered_points_min3seeds_pos6_z4.csv,../Data/TimEmbryos-020420/output/analysis/local/filtered_points_min3seeds_pos6_z5.csv,../Data/TimEmbryos-020420/output/analysis/local/filtered_points_min3seeds_pos6_z6.csv,2048,227,225,TRUE,TRUE,227.12,4
embryo6_Pos7,Pos7,fov.8,embryo6,E6.5,020420,gastrulation,../Data/TimEmbryos-020420/slide_explorer/fovinfo_embryo6.csv,tif,2048,TRUE,../Data/TimEmbryos-020420/cell-segmentation-vanilla-020420-HybCycle0/MMStack_Pos7.ome.tif,NA,NA,NA,NA,NA,NA,FALSE,NA,NA,../Data/TimEmbryos-020420/output/analysis/local/filtered_points_min3seeds_pos7_z2.csv,../Data/TimEmbryos-020420/output/analysis/local/filtered_points_min3seeds_pos7_z3.csv,../Data/TimEmbryos-020420/output/analysis/local/filtered_points_min3seeds_pos7_z4.csv,../Data/TimEmbryos-020420/output/analysis/local/filtered_points_min3seeds_pos7_z5.csv,../Data/TimEmbryos-020420/output/analysis/local/filtered_points_min3seeds_pos7_z6.csv,2048,227,225,TRUE,TRUE,227.12,4
embryo5_Pos0,Pos0,fov.1,embryo5,E7.5,021920,gastrulation,../Data/TimEmbryos-021920/slide_explorer/fovinfo.csv,tif,2048,TRUE,../Data/TimEmbryos-021920/cell-segmentation-vanilla-021920-HybCycle0/MMStack_Pos0.ome.tif,NA,NA,NA,NA,NA,NA,FALSE,NA,NA,../Data/TimEmbryos-021920/output/analysis/local/filtered_points_min3seeds_pos0_z2.csv,../Data/TimEmbryos-021920/output/analysis/local/filtered_points_min3seeds_pos0_z3.csv,../Data/TimEmbryos-021920/output/analysis/local/filtered_points_min3seeds_pos0_z4.csv,../Data/TimEmbryos-021920/output/analysis/local/filtered_points_min3seeds_pos0_z5.csv,NA,2048,227,-73,TRUE,TRUE,226.92,3
embryo5_Pos1,Pos1,fov.2,embryo5,E7.5,021920,gastrulation,../Data/TimEmbryos-021920/slide_explorer/fovinfo.csv,tif,2048,TRUE,../Data/TimEmbryos-021920/cell-segmentation-vanilla-021920-HybCycle0/MMStack_Pos1.ome.tif,NA,NA,NA,NA,NA,NA,FALSE,NA,NA,../Data/TimEmbryos-021920/output/analysis/local/filtered_points_min3seeds_pos1_z2.csv,../Data/TimEmbryos-021920/output/analysis/local/filtered_points_min3seeds_pos1_z3.csv,../Data/TimEmbryos-021920/output/analysis/local/filtered_points_min3seeds_pos1_z4.csv,../Data/TimEmbryos-021920/output/analysis/local/filtered_points_min3seeds_pos1_z5.csv,NA,2048,227,-73,TRUE,TRUE,226.92,3
embryo5_Pos2,Pos2,fov.3,embryo5,E7.5,021920,gastrulation,../Data/TimEmbryos-021920/slide_explorer/fovinfo.csv,tif,2048,TRUE,../Data/TimEmbryos-021920/cell-segmentation-vanilla-021920-HybCycle0/MMStack_Pos2.ome.tif,NA,NA,NA,NA,NA,NA,FALSE,NA,NA,../Data/TimEmbryos-021920/output/analysis/local/filtered_points_min3seeds_pos2_z2.csv,../Data/TimEmbryos-021920/output/analysis/local/filtered_points_min3seeds_pos2_z3.csv,../Data/TimEmbryos-021920/output/analysis/local/filtered_points_min3seeds_pos2_z4.csv,../Data/TimEmbryos-021920/output/analysis/local/filtered_points_min3seeds_pos2_z5.csv,NA,2048,227,-73,TRUE,TRUE,226.92,3
embryo5_Pos3,Pos3,fov.4,embryo5,E7.5,021920,gastrulation,../Data/TimEmbryos-021920/slide_explorer/fovinfo.csv,tif,2048,TRUE,../Data/TimEmbryos-021920/cell-segmentation-vanilla-021920-HybCycle0/MMStack_Pos3.ome.tif,NA,NA,NA,NA,NA,NA,FALSE,NA,NA,../Data/TimEmbryos-021920/output/analysis/local/filtered_points_min3seeds_pos3_z2.csv,../Data/TimEmbryos-021920/output/analysis/local/filtered_points_min3seeds_pos3_z3.csv,../Data/TimEmbryos-021920/output/analysis/local/filtered_points_min3seeds_pos3_z4.csv,../Data/TimEmbryos-021920/output/analysis/local/filtered_points_min3seeds_pos3_z5.csv,NA,2048,227,-73,TRUE,TRUE,226.92,3
embryo5_Pos4,Pos4,fov.5,embryo5,E7.5,021920,gastrulation,../Data/TimEmbryos-021920/slide_explorer/fovinfo.csv,tif,2048,TRUE,../Data/TimEmbryos-021920/cell-segmentation-vanilla-021920-HybCycle0/MMStack_Pos4.ome.tif,NA,NA,NA,NA,NA,NA,FALSE,NA,NA,../Data/TimEmbryos-021920/output/analysis/local/filtered_points_min3seeds_pos4_z2.csv,../Data/TimEmbryos-021920/output/analysis/local/filtered_points_min3seeds_pos4_z3.csv,../Data/TimEmbryos-021920/output/analysis/local/filtered_points_min3seeds_pos4_z4.csv,../Data/TimEmbryos-021920/output/analysis/local/filtered_points_min3seeds_pos4_z5.csv,NA,2048,227,-73,TRUE,TRUE,226.92,3
embryo5_Pos5,Pos5,fov.6,embryo5,E7.5,021920,gastrulation,../Data/TimEmbryos-021920/slide_explorer/fovinfo.csv,tif,2048,TRUE,../Data/TimEmbryos-021920/cell-segmentation-vanilla-021920-HybCycle0/MMStack_Pos5.ome.tif,NA,NA,NA,NA,NA,NA,FALSE,NA,NA,../Data/TimEmbryos-021920/output/analysis/local/filtered_points_min3seeds_pos5_z2.csv,../Data/TimEmbryos-021920/output/analysis/local/filtered_points_min3seeds_pos5_z3.csv,../Data/TimEmbryos-021920/output/analysis/local/filtered_points_min3seeds_pos5_z4.csv,../Data/TimEmbryos-021920/output/analysis/local/filtered_points_min3seeds_pos5_z5.csv,NA,2048,227,-73,TRUE,TRUE,226.92,3
embryo5_Pos6,Pos6,fov.7,embryo5,E7.5,021920,gastrulation,../Data/TimEmbryos-021920/slide_explorer/fovinfo.csv,tif,2048,TRUE,../Data/TimEmbryos-021920/cell-segmentation-vanilla-021920-HybCycle0/MMStack_Pos6.ome.tif,NA,NA,NA,NA,NA,NA,FALSE,NA,NA,../Data/TimEmbryos-021920/output/analysis/local/filtered_points_min3seeds_pos6_z2.csv,../Data/TimEmbryos-021920/output/analysis/local/filtered_points_min3seeds_pos6_z3.csv,../Data/TimEmbryos-021920/output/analysis/local/filtered_points_min3seeds_pos6_z4.csv,../Data/TimEmbryos-021920/output/analysis/local/filtered_points_min3seeds_pos6_z5.csv,NA,2048,227,-73,TRUE,TRUE,226.92,3
embryo4_Pos0,Pos0,fov.1,embryo4,E7.5,030320,gastrulation,../Data/TimEmbryos-030320/slide_explorer/fovinfo.csv,tif,2048,TRUE,../Data/TimEmbryos-030320/cell-segmentation-vanilla-030320-HybCycle0/MMStack_Pos0.ome.tif,NA,NA,NA,NA,NA,NA,FALSE,NA,NA,../Data/TimEmbryos-030320/output/analysis/local/filtered_points_min3seeds_pos0_z2.csv,../Data/TimEmbryos-030320/output/analysis/local/filtered_points_min3seeds_pos0_z3.csv,../Data/TimEmbryos-030320/output/analysis/local/filtered_points_min3seeds_pos0_z4.csv,../Data/TimEmbryos-030320/output/analysis/local/filtered_points_min3seeds_pos0_z5.csv,../Data/TimEmbryos-030320/output/analysis/local/filtered_points_min3seeds_pos0_z6.csv,2048,227,99,TRUE,FALSE,226.51,3
embryo4_Pos1,Pos1,fov.2,embryo4,E7.5,030320,gastrulation,../Data/TimEmbryos-030320/slide_explorer/fovinfo.csv,tif,2048,TRUE,../Data/TimEmbryos-030320/cell-segmentation-vanilla-030320-HybCycle0/MMStack_Pos1.ome.tif,NA,NA,NA,NA,NA,NA,FALSE,NA,NA,../Data/TimEmbryos-030320/output/analysis/local/filtered_points_min3seeds_pos1_z2.csv,../Data/TimEmbryos-030320/output/analysis/local/filtered_points_min3seeds_pos1_z3.csv,../Data/TimEmbryos-030320/output/analysis/local/filtered_points_min3seeds_pos1_z4.csv,../Data/TimEmbryos-030320/output/analysis/local/filtered_points_min3seeds_pos1_z5.csv,../Data/TimEmbryos-030320/output/analysis/local/filtered_points_min3seeds_pos1_z6.csv,2048,227,99,TRUE,FALSE,226.51,3
embryo4_Pos2,Pos2,fov.3,embryo4,E7.5,030320,gastrulation,../Data/TimEmbryos-030320/slide_explorer/fovinfo.csv,tif,2048,TRUE,../Data/TimEmbryos-030320/cell-segmentation-vanilla-030320-HybCycle0/MMStack_Pos2.ome.tif,NA,NA,NA,NA,NA,NA,FALSE,NA,NA,../Data/TimEmbryos-030320/output/analysis/local/filtered_points_min3seeds_pos2_z2.csv,../Data/TimEmbryos-030320/output/analysis/local/filtered_points_min3seeds_pos2_z3.csv,../Data/TimEmbryos-030320/output/analysis/local/filtered_points_min3seeds_pos2_z4.csv,../Data/TimEmbryos-030320/output/analysis/local/filtered_points_min3seeds_pos2_z5.csv,../Data/TimEmbryos-030320/output/analysis/local/filtered_points_min3seeds_pos2_z6.csv,2048,227,99,TRUE,FALSE,226.51,3
embryo4_Pos3,Pos3,fov.4,embryo4,E7.5,030320,gastrulation,../Data/TimEmbryos-030320/slide_explorer/fovinfo.csv,tif,2048,TRUE,../Data/TimEmbryos-030320/cell-segmentation-vanilla-030320-HybCycle0/MMStack_Pos3.ome.tif,NA,NA,NA,NA,NA,NA,FALSE,NA,NA,../Data/TimEmbryos-030320/output/analysis/local/filtered_points_min3seeds_pos3_z2.csv,../Data/TimEmbryos-030320/output/analysis/local/filtered_points_min3seeds_pos3_z3.csv,../Data/TimEmbryos-030320/output/analysis/local/filtered_points_min3seeds_pos3_z4.csv,../Data/TimEmbryos-030320/output/analysis/local/filtered_points_min3seeds_pos3_z5.csv,../Data/TimEmbryos-030320/output/analysis/local/filtered_points_min3seeds_pos3_z6.csv,2048,227,99,TRUE,FALSE,226.51,3
embryo4_Pos4,Pos4,fov.5,embryo4,E7.5,030320,gastrulation,../Data/TimEmbryos-030320/slide_explorer/fovinfo.csv,tif,2048,TRUE,../Data/TimEmbryos-030320/cell-segmentation-vanilla-030320-HybCycle0/MMStack_Pos4.ome.tif,NA,NA,NA,NA,NA,NA,FALSE,NA,NA,../Data/TimEmbryos-030320/output/analysis/local/filtered_points_min3seeds_pos4_z2.csv,../Data/TimEmbryos-030320/output/analysis/local/filtered_points_min3seeds_pos4_z3.csv,../Data/TimEmbryos-030320/output/analysis/local/filtered_points_min3seeds_pos4_z4.csv,../Data/TimEmbryos-030320/output/analysis/local/filtered_points_min3seeds_pos4_z5.csv,../Data/TimEmbryos-030320/output/analysis/local/filtered_points_min3seeds_pos4_z6.csv,2048,227,99,TRUE,FALSE,226.51,3
embryo4_Pos5,Pos5,fov.6,embryo4,E7.5,030320,gastrulation,../Data/TimEmbryos-030320/slide_explorer/fovinfo.csv,tif,2048,TRUE,../Data/TimEmbryos-030320/cell-segmentation-vanilla-030320-HybCycle0/MMStack_Pos5.ome.tif,NA,NA,NA,NA,NA,NA,FALSE,NA,NA,../Data/TimEmbryos-030320/output/analysis/local/filtered_points_min3seeds_pos5_z2.csv,../Data/TimEmbryos-030320/output/analysis/local/filtered_points_min3seeds_pos5_z3.csv,../Data/TimEmbryos-030320/output/analysis/local/filtered_points_min3seeds_pos5_z4.csv,../Data/TimEmbryos-030320/output/analysis/local/filtered_points_min3seeds_pos5_z5.csv,../Data/TimEmbryos-030320/output/analysis/local/filtered_points_min3seeds_pos5_z6.csv,2048,227,99,TRUE,FALSE,226.51,3
embryo3_Pos0,Pos0,fov.1,embryo3,E8.5,120919,organogenesis,../Data/TimEmbryos-120919/slide_explorer/fovinfo.csv,h5,512,FALSE,NA,NA,../Data/TimEmbryos-120919/segmentation/boundaryseg_Pos0-0002_Multicut Segmentation.h5,NA,NA,../Data/TimEmbryos-120919/segmentation/boundaryseg_Pos0-0005_Multicut Segmentation.h5,NA,TRUE,../Data/TimEmbryos-120919/output/1error-sqrt6-pointsratio-2020-05-23/outputData-Tim-120919-Pos0-1error-sqrt6-2020-05-23.csv,NA,NA,NA,NA,NA,NA,2048,227,35,TRUE,TRUE,356.97,3
embryo3_Pos1,Pos1,fov.2,embryo3,E8.5,120919,organogenesis,../Data/TimEmbryos-120919/slide_explorer/fovinfo.csv,h5,512,FALSE,NA,NA,../Data/TimEmbryos-120919/segmentation/boundaryseg_Pos1-0002_Multicut Segmentation.h5,NA,NA,../Data/TimEmbryos-120919/segmentation/boundaryseg_Pos1-0005_Multicut Segmentation.h5,NA,TRUE,../Data/TimEmbryos-120919/output/1error-sqrt6-pointsratio-2020-05-23/outputData-Tim-120919-Pos1-1error-sqrt6-2020-05-23.csv,NA,NA,NA,NA,NA,NA,2048,227,35,TRUE,TRUE,356.97,3
embryo3_Pos2,Pos2,fov.3,embryo3,E8.5,120919,organogenesis,../Data/TimEmbryos-120919/slide_explorer/fovinfo.csv,h5,512,FALSE,NA,NA,../Data/TimEmbryos-120919/segmentation/boundaryseg_Pos2-0002_Multicut Segmentation.h5,NA,NA,../Data/TimEmbryos-120919/segmentation/boundaryseg_Pos2-0005_Multicut Segmentation.h5,NA,TRUE,../Data/TimEmbryos-120919/output/1error-sqrt6-pointsratio-2020-05-23/outputData-Tim-120919-Pos2-1error-sqrt6-2020-05-23.csv,NA,NA,NA,NA,NA,NA,2048,227,35,TRUE,TRUE,356.97,3
embryo3_Pos3,Pos3,fov.4,embryo3,E8.5,120919,organogenesis,../Data/TimEmbryos-120919/slide_explorer/fovinfo.csv,h5,512,FALSE,NA,NA,../Data/TimEmbryos-120919/segmentation/boundaryseg_Pos3-0002_Multicut Segmentation.h5,NA,NA,../Data/TimEmbryos-120919/segmentation/boundaryseg_Pos3-0005_Multicut Segmentation.h5,NA,TRUE,../Data/TimEmbryos-120919/output/1error-sqrt6-pointsratio-2020-05-23/outputData-Tim-120919-Pos3-1error-sqrt6-2020-05-23.csv,NA,NA,NA,NA,NA,NA,2048,227,35,TRUE,TRUE,356.97,3
embryo3_Pos4,Pos4,fov.5,embryo3,E8.5,120919,organogenesis,../Data/TimEmbryos-120919/slide_explorer/fovinfo.csv,h5,512,FALSE,NA,NA,../Data/TimEmbryos-120919/segmentation/boundaryseg_Pos4-0002_Multicut Segmentation.h5,NA,NA,../Data/TimEmbryos-120919/segmentation/boundaryseg_Pos4-0005_Multicut Segmentation.h5,NA,TRUE,../Data/TimEmbryos-120919/output/1error-sqrt6-pointsratio-2020-05-23/outputData-Tim-120919-Pos4-1error-sqrt6-2020-05-23.csv,NA,NA,NA,NA,NA,NA,2048,227,35,TRUE,TRUE,356.97,3
embryo3_Pos5,Pos5,fov.6,embryo3,E8.5,120919,organogenesis,../Data/TimEmbryos-120919/slide_explorer/fovinfo.csv,h5,512,FALSE,NA,NA,../Data/TimEmbryos-120919/segmentation/boundaryseg_Pos5-0002_Multicut Segmentation.h5,NA,NA,../Data/TimEmbryos-120919/segmentation/boundaryseg_Pos5-0005_Multicut Segmentation.h5,NA,TRUE,../Data/TimEmbryos-120919/output/1error-sqrt6-pointsratio-2020-05-23/outputData-Tim-120919-Pos5-1error-sqrt6-2020-05-23.csv,NA,NA,NA,NA,NA,NA,2048,227,35,TRUE,TRUE,356.97,3
embryo3_Pos6,Pos6,fov.7,embryo3,E8.5,120919,organogenesis,../Data/TimEmbryos-120919/slide_explorer/fovinfo.csv,h5,512,FALSE,NA,NA,../Data/TimEmbryos-120919/segmentation/boundaryseg_Pos6-0002_Multicut Segmentation.h5,NA,NA,../Data/TimEmbryos-120919/segmentation/boundaryseg_Pos6-0005_Multicut Segmentation.h5,NA,TRUE,../Data/TimEmbryos-120919/output/1error-sqrt6-pointsratio-2020-05-23/outputData-Tim-120919-Pos6-1error-sqrt6-2020-05-23.csv,NA,NA,NA,NA,NA,NA,2048,227,35,TRUE,TRUE,356.97,3
embryo3_Pos7,Pos7,fov.8,embryo3,E8.5,120919,organogenesis,../Data/TimEmbryos-120919/slide_explorer/fovinfo.csv,h5,512,FALSE,NA,NA,../Data/TimEmbryos-120919/segmentation/boundaryseg_Pos7-0002_Multicut Segmentation.h5,NA,NA,../Data/TimEmbryos-120919/segmentation/boundaryseg_Pos7-0005_Multicut Segmentation.h5,NA,TRUE,../Data/TimEmbryos-120919/output/1error-sqrt6-pointsratio-2020-05-23/outputData-Tim-120919-Pos7-1error-sqrt6-2020-05-23.csv,NA,NA,NA,NA,NA,NA,2048,227,35,TRUE,TRUE,356.97,3
embryo3_Pos8,Pos8,fov.9,embryo3,E8.5,120919,organogenesis,../Data/TimEmbryos-120919/slide_explorer/fovinfo.csv,h5,512,FALSE,NA,NA,../Data/TimEmbryos-120919/segmentation/boundaryseg_Pos8-0002_Multicut Segmentation.h5,NA,NA,../Data/TimEmbryos-120919/segmentation/boundaryseg_Pos8-0005_Multicut Segmentation.h5,NA,TRUE,../Data/TimEmbryos-120919/output/1error-sqrt6-pointsratio-2020-05-23/outputData-Tim-120919-Pos8-1error-sqrt6-2020-05-23.csv,NA,NA,NA,NA,NA,NA,2048,227,35,TRUE,TRUE,356.97,3
embryo3_Pos9,Pos9,fov.10,embryo3,E8.5,120919,organogenesis,../Data/TimEmbryos-120919/slide_explorer/fovinfo.csv,h5,512,FALSE,NA,NA,../Data/TimEmbryos-120919/segmentation/boundaryseg_Pos9-0002_Multicut Segmentation.h5,NA,NA,../Data/TimEmbryos-120919/segmentation/boundaryseg_Pos9-0005_Multicut Segmentation.h5,NA,TRUE,../Data/TimEmbryos-120919/output/1error-sqrt6-pointsratio-2020-05-23/outputData-Tim-120919-Pos9-1error-sqrt6-2020-05-23.csv,NA,NA,NA,NA,NA,NA,2048,227,35,TRUE,TRUE,356.97,3
embryo3_Pos10,Pos10,fov.11,embryo3,E8.5,120919,organogenesis,../Data/TimEmbryos-120919/slide_explorer/fovinfo.csv,h5,512,FALSE,NA,NA,../Data/TimEmbryos-120919/segmentation/boundaryseg_Pos10-0002_Multicut Segmentation.h5,NA,NA,../Data/TimEmbryos-120919/segmentation/boundaryseg_Pos10-0005_Multicut Segmentation.h5,NA,TRUE,../Data/TimEmbryos-120919/output/1error-sqrt6-pointsratio-2020-05-23/outputData-Tim-120919-Pos10-1error-sqrt6-2020-05-23.csv,NA,NA,NA,NA,NA,NA,2048,227,35,TRUE,TRUE,356.97,3
embryo3_Pos11,Pos11,fov.12,embryo3,E8.5,120919,organogenesis,../Data/TimEmbryos-120919/slide_explorer/fovinfo.csv,h5,512,FALSE,NA,NA,../Data/TimEmbryos-120919/segmentation/boundaryseg_Pos11-0002_Multicut Segmentation.h5,NA,NA,../Data/TimEmbryos-120919/segmentation/boundaryseg_Pos11-0005_Multicut Segmentation.h5,NA,TRUE,../Data/TimEmbryos-120919/output/1error-sqrt6-pointsratio-2020-05-23/outputData-Tim-120919-Pos11-1error-sqrt6-2020-05-23.csv,NA,NA,NA,NA,NA,NA,2048,227,35,TRUE,TRUE,356.97,3
embryo3_Pos12,Pos12,fov.13,embryo3,E8.5,120919,organogenesis,../Data/TimEmbryos-120919/slide_explorer/fovinfo.csv,h5,512,FALSE,NA,NA,../Data/TimEmbryos-120919/segmentation/boundaryseg_Pos12-0002_Multicut Segmentation.h5,NA,NA,../Data/TimEmbryos-120919/segmentation/boundaryseg_Pos12-0005_Multicut Segmentation.h5,NA,TRUE,../Data/TimEmbryos-120919/output/1error-sqrt6-pointsratio-2020-05-23/outputData-Tim-120919-Pos12-1error-sqrt6-2020-05-23.csv,NA,NA,NA,NA,NA,NA,2048,227,35,TRUE,TRUE,356.97,3
embryo3_Pos13,Pos13,fov.14,embryo3,E8.5,120919,organogenesis,../Data/TimEmbryos-120919/slide_explorer/fovinfo.csv,h5,512,FALSE,NA,NA,../Data/TimEmbryos-120919/segmentation/boundaryseg_Pos13-0002_Multicut Segmentation.h5,NA,NA,../Data/TimEmbryos-120919/segmentation/boundaryseg_Pos13-0005_Multicut Segmentation.h5,NA,TRUE,../Data/TimEmbryos-120919/output/1error-sqrt6-pointsratio-2020-05-23/outputData-Tim-120919-Pos13-1error-sqrt6-2020-05-23.csv,NA,NA,NA,NA,NA,NA,2048,227,35,TRUE,TRUE,356.97,3
embryo3_Pos14,Pos14,fov.15,embryo3,E8.5,120919,organogenesis,../Data/TimEmbryos-120919/slide_explorer/fovinfo.csv,h5,512,FALSE,NA,NA,../Data/TimEmbryos-120919/segmentation/boundaryseg_Pos14-0002_Multicut Segmentation.h5,NA,NA,../Data/TimEmbryos-120919/segmentation/boundaryseg_Pos14-0005_Multicut Segmentation.h5,NA,TRUE,../Data/TimEmbryos-120919/output/1error-sqrt6-pointsratio-2020-05-23/outputData-Tim-120919-Pos14-1error-sqrt6-2020-05-23.csv,NA,NA,NA,NA,NA,NA,2048,227,35,TRUE,TRUE,356.97,3
embryo3_Pos15,Pos15,fov.16,embryo3,E8.5,120919,organogenesis,../Data/TimEmbryos-120919/slide_explorer/fovinfo.csv,h5,512,FALSE,NA,NA,../Data/TimEmbryos-120919/segmentation/boundaryseg_Pos15-0002_Multicut Segmentation.h5,NA,NA,../Data/TimEmbryos-120919/segmentation/boundaryseg_Pos15-0005_Multicut Segmentation.h5,NA,TRUE,../Data/TimEmbryos-120919/output/1error-sqrt6-pointsratio-2020-05-23/outputData-Tim-120919-Pos15-1error-sqrt6-2020-05-23.csv,NA,NA,NA,NA,NA,NA,2048,227,35,TRUE,TRUE,356.97,3
embryo3_Pos16,Pos16,fov.17,embryo3,E8.5,120919,organogenesis,../Data/TimEmbryos-120919/slide_explorer/fovinfo.csv,h5,512,FALSE,NA,NA,../Data/TimEmbryos-120919/segmentation/boundaryseg_Pos16-0002_Multicut Segmentation.h5,NA,NA,../Data/TimEmbryos-120919/segmentation/boundaryseg_Pos16-0005_Multicut Segmentation.h5,NA,TRUE,../Data/TimEmbryos-120919/output/1error-sqrt6-pointsratio-2020-05-23/outputData-Tim-120919-Pos16-1error-sqrt6-2020-05-23.csv,NA,NA,NA,NA,NA,NA,2048,227,35,TRUE,TRUE,356.97,3
embryo3_Pos17,Pos17,fov.18,embryo3,E8.5,120919,organogenesis,../Data/TimEmbryos-120919/slide_explorer/fovinfo.csv,h5,512,FALSE,NA,NA,../Data/TimEmbryos-120919/segmentation/boundaryseg_Pos17-0002_Multicut Segmentation.h5,NA,NA,../Data/TimEmbryos-120919/segmentation/boundaryseg_Pos17-0005_Multicut Segmentation.h5,NA,TRUE,../Data/TimEmbryos-120919/output/1error-sqrt6-pointsratio-2020-05-23/outputData-Tim-120919-Pos17-1error-sqrt6-2020-05-23.csv,NA,NA,NA,NA,NA,NA,2048,227,35,TRUE,TRUE,356.97,3
embryo3_Pos18,Pos18,fov.19,embryo3,E8.5,120919,organogenesis,../Data/TimEmbryos-120919/slide_explorer/fovinfo.csv,h5,512,FALSE,NA,NA,../Data/TimEmbryos-120919/segmentation/boundaryseg_Pos18-0002_Multicut Segmentation.h5,NA,NA,../Data/TimEmbryos-120919/segmentation/boundaryseg_Pos18-0005_Multicut Segmentation.h5,NA,TRUE,../Data/TimEmbryos-120919/output/1error-sqrt6-pointsratio-2020-05-23/outputData-Tim-120919-Pos18-1error-sqrt6-2020-05-23.csv,NA,NA,NA,NA,NA,NA,2048,227,35,TRUE,TRUE,356.97,3
embryo3_Pos19,Pos19,fov.20,embryo3,E8.5,120919,organogenesis,../Data/TimEmbryos-120919/slide_explorer/fovinfo.csv,h5,512,FALSE,NA,NA,../Data/TimEmbryos-120919/segmentation/boundaryseg_Pos19-0002_Multicut Segmentation.h5,NA,NA,../Data/TimEmbryos-120919/segmentation/boundaryseg_Pos19-0005_Multicut Segmentation.h5,NA,TRUE,../Data/TimEmbryos-120919/output/1error-sqrt6-pointsratio-2020-05-23/outputData-Tim-120919-Pos19-1error-sqrt6-2020-05-23.csv,NA,NA,NA,NA,NA,NA,2048,227,35,TRUE,TRUE,356.97,3
embryo3_Pos20,Pos20,fov.21,embryo3,E8.5,120919,organogenesis,../Data/TimEmbryos-120919/slide_explorer/fovinfo.csv,h5,512,FALSE,NA,NA,../Data/TimEmbryos-120919/segmentation/boundaryseg_Pos20-0002_Multicut Segmentation.h5,NA,NA,../Data/TimEmbryos-120919/segmentation/boundaryseg_Pos20-0005_Multicut Segmentation.h5,NA,TRUE,../Data/TimEmbryos-120919/output/1error-sqrt6-pointsratio-2020-05-23/outputData-Tim-120919-Pos20-1error-sqrt6-2020-05-23.csv,NA,NA,NA,NA,NA,NA,2048,227,35,TRUE,TRUE,356.97,3
embryo3_Pos21,Pos21,fov.22,embryo3,E8.5,120919,organogenesis,../Data/TimEmbryos-120919/slide_explorer/fovinfo.csv,h5,512,FALSE,NA,NA,../Data/TimEmbryos-120919/segmentation/boundaryseg_Pos21-0002_Multicut Segmentation.h5,NA,NA,../Data/TimEmbryos-120919/segmentation/boundaryseg_Pos21-0005_Multicut Segmentation.h5,NA,TRUE,../Data/TimEmbryos-120919/output/1error-sqrt6-pointsratio-2020-05-23/outputData-Tim-120919-Pos21-1error-sqrt6-2020-05-23.csv,NA,NA,NA,NA,NA,NA,2048,227,35,TRUE,TRUE,356.97,3
embryo3_Pos22,Pos22,fov.23,embryo3,E8.5,120919,organogenesis,../Data/TimEmbryos-120919/slide_explorer/fovinfo.csv,h5,512,FALSE,NA,NA,../Data/TimEmbryos-120919/segmentation/boundaryseg_Pos22-0002_Multicut Segmentation.h5,NA,NA,../Data/TimEmbryos-120919/segmentation/boundaryseg_Pos22-0005_Multicut Segmentation.h5,NA,TRUE,../Data/TimEmbryos-120919/output/1error-sqrt6-pointsratio-2020-05-23/outputData-Tim-120919-Pos22-1error-sqrt6-2020-05-23.csv,NA,NA,NA,NA,NA,NA,2048,227,35,TRUE,TRUE,356.97,3
embryo3_Pos23,Pos23,fov.24,embryo3,E8.5,120919,organogenesis,../Data/TimEmbryos-120919/slide_explorer/fovinfo.csv,h5,512,FALSE,NA,NA,../Data/TimEmbryos-120919/segmentation/boundaryseg_Pos23-0002_Multicut Segmentation.h5,NA,NA,../Data/TimEmbryos-120919/segmentation/boundaryseg_Pos23-0005_Multicut Segmentation.h5,NA,TRUE,../Data/TimEmbryos-120919/output/1error-sqrt6-pointsratio-2020-05-23/outputData-Tim-120919-Pos23-1error-sqrt6-2020-05-23.csv,NA,NA,NA,NA,NA,NA,2048,227,35,TRUE,TRUE,356.97,3
embryo3_Pos24,Pos24,fov.25,embryo3,E8.5,120919,organogenesis,../Data/TimEmbryos-120919/slide_explorer/fovinfo.csv,h5,512,FALSE,NA,NA,../Data/TimEmbryos-120919/segmentation/boundaryseg_Pos24-0002_Multicut Segmentation.h5,NA,NA,../Data/TimEmbryos-120919/segmentation/boundaryseg_Pos24-0005_Multicut Segmentation.h5,NA,TRUE,../Data/TimEmbryos-120919/output/1error-sqrt6-pointsratio-2020-05-23/outputData-Tim-120919-Pos24-1error-sqrt6-2020-05-23.csv,NA,NA,NA,NA,NA,NA,2048,227,35,TRUE,TRUE,356.97,3
embryo3_Pos25,Pos25,fov.26,embryo3,E8.5,120919,organogenesis,../Data/TimEmbryos-120919/slide_explorer/fovinfo.csv,h5,512,FALSE,NA,NA,../Data/TimEmbryos-120919/segmentation/boundaryseg_Pos25-0002_Multicut Segmentation.h5,NA,NA,../Data/TimEmbryos-120919/segmentation/boundaryseg_Pos25-0005_Multicut Segmentation.h5,NA,TRUE,../Data/TimEmbryos-120919/output/1error-sqrt6-pointsratio-2020-05-23/outputData-Tim-120919-Pos25-1error-sqrt6-2020-05-23.csv,NA,NA,NA,NA,NA,NA,2048,227,35,TRUE,TRUE,356.97,3
embryo3_Pos26,Pos26,fov.27,embryo3,E8.5,120919,organogenesis,../Data/TimEmbryos-120919/slide_explorer/fovinfo.csv,h5,512,FALSE,NA,NA,../Data/TimEmbryos-120919/segmentation/boundaryseg_Pos26-0002_Multicut Segmentation.h5,NA,NA,../Data/TimEmbryos-120919/segmentation/boundaryseg_Pos26-0005_Multicut Segmentation.h5,NA,TRUE,../Data/TimEmbryos-120919/output/1error-sqrt6-pointsratio-2020-05-23/outputData-Tim-120919-Pos26-1error-sqrt6-2020-05-23.csv,NA,NA,NA,NA,NA,NA,2048,227,35,TRUE,TRUE,356.97,3
embryo3_Pos27,Pos27,fov.28,embryo3,E8.5,120919,organogenesis,../Data/TimEmbryos-120919/slide_explorer/fovinfo.csv,h5,512,FALSE,NA,NA,../Data/TimEmbryos-120919/segmentation/boundaryseg_Pos27-0002_Multicut Segmentation.h5,NA,NA,../Data/TimEmbryos-120919/segmentation/boundaryseg_Pos27-0005_Multicut Segmentation.h5,NA,TRUE,../Data/TimEmbryos-120919/output/1error-sqrt6-pointsratio-2020-05-23/outputData-Tim-120919-Pos27-1error-sqrt6-2020-05-23.csv,NA,NA,NA,NA,NA,NA,2048,227,35,TRUE,TRUE,356.97,3
embryo3_Pos28,Pos28,fov.29,embryo3,E8.5,120919,organogenesis,../Data/TimEmbryos-120919/slide_explorer/fovinfo.csv,h5,512,FALSE,NA,NA,../Data/TimEmbryos-120919/segmentation/boundaryseg_Pos28-0002_Multicut Segmentation.h5,NA,NA,../Data/TimEmbryos-120919/segmentation/boundaryseg_Pos28-0005_Multicut Segmentation.h5,NA,TRUE,../Data/TimEmbryos-120919/output/1error-sqrt6-pointsratio-2020-05-23/outputData-Tim-120919-Pos28-1error-sqrt6-2020-05-23.csv,NA,NA,NA,NA,NA,NA,2048,227,35,TRUE,TRUE,356.97,3
embryo3_Pos29,Pos29,fov.30,embryo3,E8.5,120919,organogenesis,../Data/TimEmbryos-120919/slide_explorer/fovinfo.csv,h5,512,FALSE,NA,NA,../Data/TimEmbryos-120919/segmentation/boundaryseg_Pos29-0002_Multicut Segmentation.h5,NA,NA,../Data/TimEmbryos-120919/segmentation/boundaryseg_Pos29-0005_Multicut Segmentation.h5,NA,TRUE,../Data/TimEmbryos-120919/output/1error-sqrt6-pointsratio-2020-05-23/outputData-Tim-120919-Pos29-1error-sqrt6-2020-05-23.csv,NA,NA,NA,NA,NA,NA,2048,227,35,TRUE,TRUE,356.97,3
embryo3_Pos30,Pos30,fov.31,embryo3,E8.5,120919,organogenesis,../Data/TimEmbryos-120919/slide_explorer/fovinfo.csv,h5,512,FALSE,NA,NA,../Data/TimEmbryos-120919/segmentation/boundaryseg_Pos30-0002_Multicut Segmentation.h5,NA,NA,../Data/TimEmbryos-120919/segmentation/boundaryseg_Pos30-0005_Multicut Segmentation.h5,NA,TRUE,../Data/TimEmbryos-120919/output/1error-sqrt6-pointsratio-2020-05-23/outputData-Tim-120919-Pos30-1error-sqrt6-2020-05-23.csv,NA,NA,NA,NA,NA,NA,2048,227,35,TRUE,TRUE,356.97,3
embryo3_Pos31,Pos31,fov.32,embryo3,E8.5,120919,organogenesis,../Data/TimEmbryos-120919/slide_explorer/fovinfo.csv,h5,512,FALSE,NA,NA,../Data/TimEmbryos-120919/segmentation/boundaryseg_Pos31-0002_Multicut Segmentation.h5,NA,NA,../Data/TimEmbryos-120919/segmentation/boundaryseg_Pos31-0005_Multicut Segmentation.h5,NA,TRUE,../Data/TimEmbryos-120919/output/1error-sqrt6-pointsratio-2020-05-23/outputData-Tim-120919-Pos31-1error-sqrt6-2020-05-23.csv,NA,NA,NA,NA,NA,NA,2048,227,35,TRUE,TRUE,356.97,3
embryo3_Pos32,Pos32,fov.33,embryo3,E8.5,120919,organogenesis,../Data/TimEmbryos-120919/slide_explorer/fovinfo.csv,h5,512,FALSE,NA,NA,../Data/TimEmbryos-120919/segmentation/boundaryseg_Pos32-0002_Multicut Segmentation.h5,NA,NA,../Data/TimEmbryos-120919/segmentation/boundaryseg_Pos32-0005_Multicut Segmentation.h5,NA,TRUE,../Data/TimEmbryos-120919/output/1error-sqrt6-pointsratio-2020-05-23/outputData-Tim-120919-Pos32-1error-sqrt6-2020-05-23.csv,NA,NA,NA,NA,NA,NA,2048,227,35,TRUE,TRUE,356.97,3
embryo3_Pos33,Pos33,fov.34,embryo3,E8.5,120919,organogenesis,../Data/TimEmbryos-120919/slide_explorer/fovinfo.csv,h5,512,FALSE,NA,NA,../Data/TimEmbryos-120919/segmentation/boundaryseg_Pos33-0002_Multicut Segmentation.h5,NA,NA,../Data/TimEmbryos-120919/segmentation/boundaryseg_Pos33-0005_Multicut Segmentation.h5,NA,TRUE,../Data/TimEmbryos-120919/output/1error-sqrt6-pointsratio-2020-05-23/outputData-Tim-120919-Pos33-1error-sqrt6-2020-05-24.csv,NA,NA,NA,NA,NA,NA,2048,227,35,TRUE,TRUE,356.97,3
embryo3_Pos34,Pos34,fov.35,embryo3,E8.5,120919,organogenesis,../Data/TimEmbryos-120919/slide_explorer/fovinfo.csv,h5,512,FALSE,NA,NA,../Data/TimEmbryos-120919/segmentation/boundaryseg_Pos34-0002_Multicut Segmentation.h5,NA,NA,../Data/TimEmbryos-120919/segmentation/boundaryseg_Pos34-0005_Multicut Segmentation.h5,NA,TRUE,../Data/TimEmbryos-120919/output/1error-sqrt6-pointsratio-2020-05-23/outputData-Tim-120919-Pos34-1error-sqrt6-2020-05-24.csv,NA,NA,NA,NA,NA,NA,2048,227,35,TRUE,TRUE,356.97,3
embryo3_Pos35,Pos35,fov.36,embryo3,E8.5,120919,organogenesis,../Data/TimEmbryos-120919/slide_explorer/fovinfo.csv,h5,512,FALSE,NA,NA,../Data/TimEmbryos-120919/segmentation/boundaryseg_Pos35-0002_Multicut Segmentation.h5,NA,NA,../Data/TimEmbryos-120919/segmentation/boundaryseg_Pos35-0005_Multicut Segmentation.h5,NA,TRUE,../Data/TimEmbryos-120919/output/1error-sqrt6-pointsratio-2020-05-23/outputData-Tim-120919-Pos35-1error-sqrt6-2020-05-24.csv,NA,NA,NA,NA,NA,NA,2048,227,35,TRUE,TRUE,356.97,3
embryo3_Pos36,Pos36,fov.37,embryo3,E8.5,120919,organogenesis,../Data/TimEmbryos-120919/slide_explorer/fovinfo.csv,h5,512,FALSE,NA,NA,../Data/TimEmbryos-120919/segmentation/boundaryseg_Pos36-0002_Multicut Segmentation.h5,NA,NA,../Data/TimEmbryos-120919/segmentation/boundaryseg_Pos36-0005_Multicut Segmentation.h5,NA,TRUE,../Data/TimEmbryos-120919/output/1error-sqrt6-pointsratio-2020-05-23/outputData-Tim-120919-Pos36-1error-sqrt6-2020-05-24.csv,NA,NA,NA,NA,NA,NA,2048,227,35,TRUE,TRUE,356.97,3
embryo3_Pos37,Pos37,fov.38,embryo3,E8.5,120919,organogenesis,../Data/TimEmbryos-120919/slide_explorer/fovinfo.csv,h5,512,FALSE,NA,NA,../Data/TimEmbryos-120919/segmentation/boundaryseg_Pos37-0002_Multicut Segmentation.h5,NA,NA,../Data/TimEmbryos-120919/segmentation/boundaryseg_Pos37-0005_Multicut Segmentation.h5,NA,TRUE,../Data/TimEmbryos-120919/output/1error-sqrt6-pointsratio-2020-05-23/outputData-Tim-120919-Pos37-1error-sqrt6-2020-05-24.csv,NA,NA,NA,NA,NA,NA,2048,227,35,TRUE,TRUE,356.97,3
embryo3_Pos38,Pos38,fov.39,embryo3,E8.5,120919,organogenesis,../Data/TimEmbryos-120919/slide_explorer/fovinfo.csv,h5,512,FALSE,NA,NA,../Data/TimEmbryos-120919/segmentation/boundaryseg_Pos38-0002_Multicut Segmentation.h5,NA,NA,../Data/TimEmbryos-120919/segmentation/boundaryseg_Pos38-0005_Multicut Segmentation.h5,NA,TRUE,../Data/TimEmbryos-120919/output/1error-sqrt6-pointsratio-2020-05-23/outputData-Tim-120919-Pos38-1error-sqrt6-2020-05-24.csv,NA,NA,NA,NA,NA,NA,2048,227,35,TRUE,TRUE,356.97,3
embryo3_Pos39,Pos39,fov.40,embryo3,E8.5,120919,organogenesis,../Data/TimEmbryos-120919/slide_explorer/fovinfo.csv,h5,512,FALSE,NA,NA,../Data/TimEmbryos-120919/segmentation/boundaryseg_Pos39-0002_Multicut Segmentation.h5,NA,NA,../Data/TimEmbryos-120919/segmentation/boundaryseg_Pos39-0005_Multicut Segmentation.h5,NA,TRUE,../Data/TimEmbryos-120919/output/1error-sqrt6-pointsratio-2020-05-23/outputData-Tim-120919-Pos39-1error-sqrt6-2020-05-24.csv,NA,NA,NA,NA,NA,NA,2048,227,35,TRUE,TRUE,356.97,3
embryo1_Pos0,Pos0,fov.1,embryo1,E8.5,102219,organogenesis,../Data/TimEmbryos-102219/slide_explorer/fovinfo_embryo1.csv,h5,512,FALSE,NA,NA,../Data/TimEmbryos-102219/segmentation/boundaryseg_Pos0-0002_Multicut Segmentation.h5,NA,NA,../Data/TimEmbryos-102219/segmentation/boundaryseg_Pos0-0005_Multicut Segmentation.h5,NA,TRUE,../Data/TimEmbryos-102219/output/1error-sqrt6-pointsratio-2020-05-22/outputData-Tim-102219-Pos0-1error-sqrt6-2020-05-22.csv,NA,NA,NA,NA,NA,NA,2048,227,0,FALSE,TRUE,227.74,3
embryo1_Pos1,Pos1,fov.2,embryo1,E8.5,102219,organogenesis,../Data/TimEmbryos-102219/slide_explorer/fovinfo_embryo1.csv,h5,512,FALSE,NA,NA,../Data/TimEmbryos-102219/segmentation/boundaryseg_Pos1-0002_Multicut Segmentation.h5,NA,NA,../Data/TimEmbryos-102219/segmentation/boundaryseg_Pos1-0005_Multicut Segmentation.h5,NA,TRUE,../Data/TimEmbryos-102219/output/1error-sqrt6-pointsratio-2020-05-22/outputData-Tim-102219-Pos1-1error-sqrt6-2020-05-22.csv,NA,NA,NA,NA,NA,NA,2048,227,0,FALSE,TRUE,227.74,3
embryo1_Pos2,Pos2,fov.3,embryo1,E8.5,102219,organogenesis,../Data/TimEmbryos-102219/slide_explorer/fovinfo_embryo1.csv,h5,512,FALSE,NA,NA,../Data/TimEmbryos-102219/segmentation/boundaryseg_Pos2-0002_Multicut Segmentation.h5,NA,NA,../Data/TimEmbryos-102219/segmentation/boundaryseg_Pos2-0005_Multicut Segmentation.h5,NA,TRUE,../Data/TimEmbryos-102219/output/1error-sqrt6-pointsratio-2020-05-22/outputData-Tim-102219-Pos2-1error-sqrt6-2020-05-22.csv,NA,NA,NA,NA,NA,NA,2048,227,0,FALSE,TRUE,227.74,3
embryo1_Pos3,Pos3,fov.4,embryo1,E8.5,102219,organogenesis,../Data/TimEmbryos-102219/slide_explorer/fovinfo_embryo1.csv,h5,512,FALSE,NA,NA,../Data/TimEmbryos-102219/segmentation/boundaryseg_Pos3-0002_Multicut Segmentation.h5,NA,NA,../Data/TimEmbryos-102219/segmentation/boundaryseg_Pos3-0005_Multicut Segmentation.h5,NA,TRUE,../Data/TimEmbryos-102219/output/1error-sqrt6-pointsratio-2020-05-22/outputData-Tim-102219-Pos3-1error-sqrt6-2020-05-22.csv,NA,NA,NA,NA,NA,NA,2048,227,0,FALSE,TRUE,227.74,3
embryo1_Pos4,Pos4,fov.5,embryo1,E8.5,102219,organogenesis,../Data/TimEmbryos-102219/slide_explorer/fovinfo_embryo1.csv,h5,512,FALSE,NA,NA,../Data/TimEmbryos-102219/segmentation/boundaryseg_Pos4-0002_Multicut Segmentation.h5,NA,NA,../Data/TimEmbryos-102219/segmentation/boundaryseg_Pos4-0005_Multicut Segmentation.h5,NA,TRUE,../Data/TimEmbryos-102219/output/1error-sqrt6-pointsratio-2020-05-22/outputData-Tim-102219-Pos4-1error-sqrt6-2020-05-22.csv,NA,NA,NA,NA,NA,NA,2048,227,0,FALSE,TRUE,227.74,3
embryo1_Pos5,Pos5,fov.6,embryo1,E8.5,102219,organogenesis,../Data/TimEmbryos-102219/slide_explorer/fovinfo_embryo1.csv,h5,512,FALSE,NA,NA,../Data/TimEmbryos-102219/segmentation/boundaryseg_Pos5-0002_Multicut Segmentation.h5,NA,NA,../Data/TimEmbryos-102219/segmentation/boundaryseg_Pos5-0005_Multicut Segmentation.h5,NA,TRUE,../Data/TimEmbryos-102219/output/1error-sqrt6-pointsratio-2020-05-22/outputData-Tim-102219-Pos5-1error-sqrt6-2020-05-22.csv,NA,NA,NA,NA,NA,NA,2048,227,0,FALSE,TRUE,227.74,3
embryo1_Pos6,Pos6,fov.7,embryo1,E8.5,102219,organogenesis,../Data/TimEmbryos-102219/slide_explorer/fovinfo_embryo1.csv,h5,512,FALSE,NA,NA,../Data/TimEmbryos-102219/segmentation/boundaryseg_Pos6-0002_Multicut Segmentation.h5,NA,NA,../Data/TimEmbryos-102219/segmentation/boundaryseg_Pos6-0005_Multicut Segmentation.h5,NA,TRUE,../Data/TimEmbryos-102219/output/1error-sqrt6-pointsratio-2020-05-22/outputData-Tim-102219-Pos6-1error-sqrt6-2020-05-22.csv,NA,NA,NA,NA,NA,NA,2048,227,0,FALSE,TRUE,227.74,3
embryo1_Pos7,Pos7,fov.8,embryo1,E8.5,102219,organogenesis,../Data/TimEmbryos-102219/slide_explorer/fovinfo_embryo1.csv,h5,512,FALSE,NA,NA,../Data/TimEmbryos-102219/segmentation/boundaryseg_Pos7-0002_Multicut Segmentation.h5,NA,NA,../Data/TimEmbryos-102219/segmentation/boundaryseg_Pos7-0005_Multicut Segmentation.h5,NA,TRUE,../Data/TimEmbryos-102219/output/1error-sqrt6-pointsratio-2020-05-22/outputData-Tim-102219-Pos7-1error-sqrt6-2020-05-22.csv,NA,NA,NA,NA,NA,NA,2048,227,0,FALSE,TRUE,227.74,3
embryo1_Pos8,Pos8,fov.9,embryo1,E8.5,102219,organogenesis,../Data/TimEmbryos-102219/slide_explorer/fovinfo_embryo1.csv,h5,512,FALSE,NA,NA,../Data/TimEmbryos-102219/segmentation/boundaryseg_Pos8-0002_Multicut Segmentation.h5,NA,NA,../Data/TimEmbryos-102219/segmentation/boundaryseg_Pos8-0005_Multicut Segmentation.h5,NA,TRUE,../Data/TimEmbryos-102219/output/1error-sqrt6-pointsratio-2020-05-22/outputData-Tim-102219-Pos8-1error-sqrt6-2020-05-22.csv,NA,NA,NA,NA,NA,NA,2048,227,0,FALSE,TRUE,227.74,3
embryo1_Pos9,Pos9,fov.10,embryo1,E8.5,102219,organogenesis,../Data/TimEmbryos-102219/slide_explorer/fovinfo_embryo1.csv,h5,512,FALSE,NA,NA,../Data/TimEmbryos-102219/segmentation/boundaryseg_Pos9-0002_Multicut Segmentation.h5,NA,NA,../Data/TimEmbryos-102219/segmentation/boundaryseg_Pos9-0005_Multicut Segmentation.h5,NA,TRUE,../Data/TimEmbryos-102219/output/1error-sqrt6-pointsratio-2020-05-22/outputData-Tim-102219-Pos9-1error-sqrt6-2020-05-22.csv,NA,NA,NA,NA,NA,NA,2048,227,0,FALSE,TRUE,227.74,3
embryo1_Pos10,Pos10,fov.11,embryo1,E8.5,102219,organogenesis,../Data/TimEmbryos-102219/slide_explorer/fovinfo_embryo1.csv,h5,512,FALSE,NA,NA,../Data/TimEmbryos-102219/segmentation/boundaryseg_Pos10-0002_Multicut Segmentation.h5,NA,NA,../Data/TimEmbryos-102219/segmentation/boundaryseg_Pos10-0005_Multicut Segmentation.h5,NA,TRUE,../Data/TimEmbryos-102219/output/1error-sqrt6-pointsratio-2020-05-22/outputData-Tim-102219-Pos10-1error-sqrt6-2020-05-22.csv,NA,NA,NA,NA,NA,NA,2048,227,0,FALSE,TRUE,227.74,3
embryo1_Pos11,Pos11,fov.12,embryo1,E8.5,102219,organogenesis,../Data/TimEmbryos-102219/slide_explorer/fovinfo_embryo1.csv,h5,512,FALSE,NA,NA,../Data/TimEmbryos-102219/segmentation/boundaryseg_Pos11-0002_Multicut Segmentation.h5,NA,NA,../Data/TimEmbryos-102219/segmentation/boundaryseg_Pos11-0005_Multicut Segmentation.h5,NA,TRUE,../Data/TimEmbryos-102219/output/1error-sqrt6-pointsratio-2020-05-22/outputData-Tim-102219-Pos11-1error-sqrt6-2020-05-22.csv,NA,NA,NA,NA,NA,NA,2048,227,0,FALSE,TRUE,227.74,3
embryo1_Pos12,Pos12,fov.13,embryo1,E8.5,102219,organogenesis,../Data/TimEmbryos-102219/slide_explorer/fovinfo_embryo1.csv,h5,512,FALSE,NA,NA,../Data/TimEmbryos-102219/segmentation/boundaryseg_Pos12-0002_Multicut Segmentation.h5,NA,NA,../Data/TimEmbryos-102219/segmentation/boundaryseg_Pos12-0005_Multicut Segmentation.h5,NA,TRUE,../Data/TimEmbryos-102219/output/1error-sqrt6-pointsratio-2020-05-22/outputData-Tim-102219-Pos12-1error-sqrt6-2020-05-22.csv,NA,NA,NA,NA,NA,NA,2048,227,0,FALSE,TRUE,227.74,3
embryo1_Pos13,Pos13,fov.14,embryo1,E8.5,102219,organogenesis,../Data/TimEmbryos-102219/slide_explorer/fovinfo_embryo1.csv,h5,512,FALSE,NA,NA,../Data/TimEmbryos-102219/segmentation/boundaryseg_Pos13-0002_Multicut Segmentation.h5,NA,NA,../Data/TimEmbryos-102219/segmentation/boundaryseg_Pos13-0005_Multicut Segmentation.h5,NA,TRUE,../Data/TimEmbryos-102219/output/1error-sqrt6-pointsratio-2020-05-22/outputData-Tim-102219-Pos13-1error-sqrt6-2020-05-22.csv,NA,NA,NA,NA,NA,NA,2048,227,0,FALSE,TRUE,227.74,3
embryo1_Pos14,Pos14,fov.15,embryo1,E8.5,102219,organogenesis,../Data/TimEmbryos-102219/slide_explorer/fovinfo_embryo1.csv,h5,512,FALSE,NA,NA,../Data/TimEmbryos-102219/segmentation/boundaryseg_Pos14-0002_Multicut Segmentation.h5,NA,NA,../Data/TimEmbryos-102219/segmentation/boundaryseg_Pos14-0005_Multicut Segmentation.h5,NA,TRUE,../Data/TimEmbryos-102219/output/1error-sqrt6-pointsratio-2020-05-22/outputData-Tim-102219-Pos14-1error-sqrt6-2020-05-22.csv,NA,NA,NA,NA,NA,NA,2048,227,0,FALSE,TRUE,227.74,3
embryo1_Pos15,Pos15,fov.16,embryo1,E8.5,102219,organogenesis,../Data/TimEmbryos-102219/slide_explorer/fovinfo_embryo1.csv,h5,512,FALSE,NA,NA,../Data/TimEmbryos-102219/segmentation/boundaryseg_Pos15-0002_Multicut Segmentation.h5,NA,NA,../Data/TimEmbryos-102219/segmentation/boundaryseg_Pos15-0005_Multicut Segmentation.h5,NA,TRUE,../Data/TimEmbryos-102219/output/1error-sqrt6-pointsratio-2020-05-22/outputData-Tim-102219-Pos15-1error-sqrt6-2020-05-22.csv,NA,NA,NA,NA,NA,NA,2048,227,0,FALSE,TRUE,227.74,3
embryo1_Pos16,Pos16,fov.17,embryo1,E8.5,102219,organogenesis,../Data/TimEmbryos-102219/slide_explorer/fovinfo_embryo1.csv,h5,512,FALSE,NA,NA,../Data/TimEmbryos-102219/segmentation/boundaryseg_Pos16-0002_Multicut Segmentation.h5,NA,NA,../Data/TimEmbryos-102219/segmentation/boundaryseg_Pos16-0005_Multicut Segmentation.h5,NA,TRUE,../Data/TimEmbryos-102219/output/1error-sqrt6-pointsratio-2020-05-22/outputData-Tim-102219-Pos16-1error-sqrt6-2020-05-22.csv,NA,NA,NA,NA,NA,NA,2048,227,0,FALSE,TRUE,227.74,3
embryo1_Pos17,Pos17,fov.18,embryo1,E8.5,102219,organogenesis,../Data/TimEmbryos-102219/slide_explorer/fovinfo_embryo1.csv,h5,512,FALSE,NA,NA,../Data/TimEmbryos-102219/segmentation/boundaryseg_Pos17-0002_Multicut Segmentation.h5,NA,NA,../Data/TimEmbryos-102219/segmentation/boundaryseg_Pos17-0005_Multicut Segmentation.h5,NA,TRUE,../Data/TimEmbryos-102219/output/1error-sqrt6-pointsratio-2020-05-22/outputData-Tim-102219-Pos17-1error-sqrt6-2020-05-22.csv,NA,NA,NA,NA,NA,NA,2048,227,0,FALSE,TRUE,227.74,3
embryo1_Pos18,Pos18,fov.19,embryo1,E8.5,102219,organogenesis,../Data/TimEmbryos-102219/slide_explorer/fovinfo_embryo1.csv,h5,512,FALSE,NA,NA,../Data/TimEmbryos-102219/segmentation/boundaryseg_Pos18-0002_Multicut Segmentation.h5,NA,NA,../Data/TimEmbryos-102219/segmentation/boundaryseg_Pos18-0005_Multicut Segmentation.h5,NA,TRUE,../Data/TimEmbryos-102219/output/1error-sqrt6-pointsratio-2020-05-22/outputData-Tim-102219-Pos18-1error-sqrt6-2020-05-22.csv,NA,NA,NA,NA,NA,NA,2048,227,0,FALSE,TRUE,227.74,3
embryo1_Pos19,Pos19,fov.20,embryo1,E8.5,102219,organogenesis,../Data/TimEmbryos-102219/slide_explorer/fovinfo_embryo1.csv,h5,512,FALSE,NA,NA,../Data/TimEmbryos-102219/segmentation/boundaryseg_Pos19-0002_Multicut Segmentation.h5,NA,NA,../Data/TimEmbryos-102219/segmentation/boundaryseg_Pos19-0005_Multicut Segmentation.h5,NA,TRUE,../Data/TimEmbryos-102219/output/1error-sqrt6-pointsratio-2020-05-22/outputData-Tim-102219-Pos19-1error-sqrt6-2020-05-22.csv,NA,NA,NA,NA,NA,NA,2048,227,0,FALSE,TRUE,227.74,3
embryo1_Pos20,Pos20,fov.21,embryo1,E8.5,102219,organogenesis,../Data/TimEmbryos-102219/slide_explorer/fovinfo_embryo1.csv,h5,512,FALSE,NA,NA,../Data/TimEmbryos-102219/segmentation/boundaryseg_Pos20-0002_Multicut Segmentation.h5,NA,NA,../Data/TimEmbryos-102219/segmentation/boundaryseg_Pos20-0005_Multicut Segmentation.h5,NA,TRUE,../Data/TimEmbryos-102219/output/1error-sqrt6-pointsratio-2020-05-22/outputData-Tim-102219-Pos20-1error-sqrt6-2020-05-22.csv,NA,NA,NA,NA,NA,NA,2048,227,0,FALSE,TRUE,227.74,3
embryo1_Pos21,Pos21,fov.22,embryo1,E8.5,102219,organogenesis,../Data/TimEmbryos-102219/slide_explorer/fovinfo_embryo1.csv,h5,512,FALSE,NA,NA,../Data/TimEmbryos-102219/segmentation/boundaryseg_Pos21-0002_Multicut Segmentation.h5,NA,NA,../Data/TimEmbryos-102219/segmentation/boundaryseg_Pos21-0005_Multicut Segmentation.h5,NA,TRUE,../Data/TimEmbryos-102219/output/1error-sqrt6-pointsratio-2020-05-22/outputData-Tim-102219-Pos21-1error-sqrt6-2020-05-22.csv,NA,NA,NA,NA,NA,NA,2048,227,0,FALSE,TRUE,227.74,3
embryo1_Pos22,Pos22,fov.23,embryo1,E8.5,102219,organogenesis,../Data/TimEmbryos-102219/slide_explorer/fovinfo_embryo1.csv,h5,512,FALSE,NA,NA,../Data/TimEmbryos-102219/segmentation/boundaryseg_Pos22-0002_Multicut Segmentation.h5,NA,NA,../Data/TimEmbryos-102219/segmentation/boundaryseg_Pos22-0005_Multicut Segmentation.h5,NA,TRUE,../Data/TimEmbryos-102219/output/1error-sqrt6-pointsratio-2020-05-22/outputData-Tim-102219-Pos22-1error-sqrt6-2020-05-22.csv,NA,NA,NA,NA,NA,NA,2048,227,0,FALSE,TRUE,227.74,3
embryo1_Pos23,Pos23,fov.24,embryo1,E8.5,102219,organogenesis,../Data/TimEmbryos-102219/slide_explorer/fovinfo_embryo1.csv,h5,512,FALSE,NA,NA,../Data/TimEmbryos-102219/segmentation/boundaryseg_Pos23-0002_Multicut Segmentation.h5,NA,NA,../Data/TimEmbryos-102219/segmentation/boundaryseg_Pos23-0005_Multicut Segmentation.h5,NA,TRUE,../Data/TimEmbryos-102219/output/1error-sqrt6-pointsratio-2020-05-22/outputData-Tim-102219-Pos23-1error-sqrt6-2020-05-22.csv,NA,NA,NA,NA,NA,NA,2048,227,0,FALSE,TRUE,227.74,3
embryo1_Pos24,Pos24,fov.25,embryo1,E8.5,102219,organogenesis,../Data/TimEmbryos-102219/slide_explorer/fovinfo_embryo1.csv,h5,512,FALSE,NA,NA,../Data/TimEmbryos-102219/segmentation/boundaryseg_Pos24-0002_Multicut Segmentation.h5,NA,NA,../Data/TimEmbryos-102219/segmentation/boundaryseg_Pos24-0005_Multicut Segmentation.h5,NA,TRUE,../Data/TimEmbryos-102219/output/1error-sqrt6-pointsratio-2020-05-22/outputData-Tim-102219-Pos24-1error-sqrt6-2020-05-22.csv,NA,NA,NA,NA,NA,NA,2048,227,0,FALSE,TRUE,227.74,3
embryo1_Pos25,Pos25,fov.26,embryo1,E8.5,102219,organogenesis,../Data/TimEmbryos-102219/slide_explorer/fovinfo_embryo1.csv,h5,512,FALSE,NA,NA,../Data/TimEmbryos-102219/segmentation/boundaryseg_Pos25-0002_Multicut Segmentation.h5,NA,NA,../Data/TimEmbryos-102219/segmentation/boundaryseg_Pos25-0005_Multicut Segmentation.h5,NA,TRUE,../Data/TimEmbryos-102219/output/1error-sqrt6-pointsratio-2020-05-22/outputData-Tim-102219-Pos25-1error-sqrt6-2020-05-22.csv,NA,NA,NA,NA,NA,NA,2048,227,0,FALSE,TRUE,227.74,3
embryo1_Pos26,Pos26,fov.27,embryo1,E8.5,102219,organogenesis,../Data/TimEmbryos-102219/slide_explorer/fovinfo_embryo1.csv,h5,512,FALSE,NA,NA,../Data/TimEmbryos-102219/segmentation/boundaryseg_Pos26-0002_Multicut Segmentation.h5,NA,NA,../Data/TimEmbryos-102219/segmentation/boundaryseg_Pos26-0005_Multicut Segmentation.h5,NA,TRUE,../Data/TimEmbryos-102219/output/1error-sqrt6-pointsratio-2020-05-22/outputData-Tim-102219-Pos26-1error-sqrt6-2020-05-22.csv,NA,NA,NA,NA,NA,NA,2048,227,0,FALSE,TRUE,227.74,3
embryo1_Pos27,Pos27,fov.28,embryo1,E8.5,102219,organogenesis,../Data/TimEmbryos-102219/slide_explorer/fovinfo_embryo1.csv,h5,512,FALSE,NA,NA,../Data/TimEmbryos-102219/segmentation/boundaryseg_Pos27-0002_Multicut Segmentation.h5,NA,NA,../Data/TimEmbryos-102219/segmentation/boundaryseg_Pos27-0005_Multicut Segmentation.h5,NA,TRUE,../Data/TimEmbryos-102219/output/1error-sqrt6-pointsratio-2020-05-22/outputData-Tim-102219-Pos27-1error-sqrt6-2020-05-22.csv,NA,NA,NA,NA,NA,NA,2048,227,0,FALSE,TRUE,227.74,3
embryo1_Pos28,Pos28,fov.29,embryo1,E8.5,102219,organogenesis,../Data/TimEmbryos-102219/slide_explorer/fovinfo_embryo1.csv,h5,512,FALSE,NA,NA,../Data/TimEmbryos-102219/segmentation/boundaryseg_Pos28-0002_Multicut Segmentation.h5,NA,NA,../Data/TimEmbryos-102219/segmentation/boundaryseg_Pos28-0005_Multicut Segmentation.h5,NA,TRUE,../Data/TimEmbryos-102219/output/1error-sqrt6-pointsratio-2020-05-22/outputData-Tim-102219-Pos28-1error-sqrt6-2020-05-22.csv,NA,NA,NA,NA,NA,NA,2048,227,0,FALSE,TRUE,227.74,3
embryo2_Pos29,Pos29,fov.30,embryo2,E8.5,102219,organogenesis,../Data/TimEmbryos-102219/slide_explorer/fovinfo_embryo2.csv,h5,512,FALSE,NA,NA,../Data/TimEmbryos-102219/segmentation/boundaryseg_Pos29-0002_Multicut Segmentation.h5,NA,NA,../Data/TimEmbryos-102219/segmentation/boundaryseg_Pos29-0005_Multicut Segmentation.h5,NA,TRUE,../Data/TimEmbryos-102219/output/1error-sqrt6-pointsratio-2020-05-22/outputData-Tim-102219-Pos29-1error-sqrt6-2020-05-22.csv,NA,NA,NA,NA,NA,NA,2048,227,20,TRUE,TRUE,227.74,3
embryo2_Pos30,Pos30,fov.31,embryo2,E8.5,102219,organogenesis,../Data/TimEmbryos-102219/slide_explorer/fovinfo_embryo2.csv,h5,512,FALSE,NA,NA,../Data/TimEmbryos-102219/segmentation/boundaryseg_Pos30-0002_Multicut Segmentation.h5,NA,NA,../Data/TimEmbryos-102219/segmentation/boundaryseg_Pos30-0005_Multicut Segmentation.h5,NA,TRUE,../Data/TimEmbryos-102219/output/1error-sqrt6-pointsratio-2020-05-22/outputData-Tim-102219-Pos30-1error-sqrt6-2020-05-22.csv,NA,NA,NA,NA,NA,NA,2048,227,20,TRUE,TRUE,227.74,3
embryo2_Pos31,Pos31,fov.32,embryo2,E8.5,102219,organogenesis,../Data/TimEmbryos-102219/slide_explorer/fovinfo_embryo2.csv,h5,512,FALSE,NA,NA,../Data/TimEmbryos-102219/segmentation/boundaryseg_Pos31-0002_Multicut Segmentation.h5,NA,NA,../Data/TimEmbryos-102219/segmentation/boundaryseg_Pos31-0005_Multicut Segmentation.h5,NA,TRUE,../Data/TimEmbryos-102219/output/1error-sqrt6-pointsratio-2020-05-22/outputData-Tim-102219-Pos31-1error-sqrt6-2020-05-22.csv,NA,NA,NA,NA,NA,NA,2048,227,20,TRUE,TRUE,227.74,3
embryo2_Pos32,Pos32,fov.33,embryo2,E8.5,102219,organogenesis,../Data/TimEmbryos-102219/slide_explorer/fovinfo_embryo2.csv,h5,512,FALSE,NA,NA,../Data/TimEmbryos-102219/segmentation/boundaryseg_Pos32-0002_Multicut Segmentation.h5,NA,NA,../Data/TimEmbryos-102219/segmentation/boundaryseg_Pos32-0005_Multicut Segmentation.h5,NA,TRUE,../Data/TimEmbryos-102219/output/1error-sqrt6-pointsratio-2020-05-22/outputData-Tim-102219-Pos32-1error-sqrt6-2020-05-22.csv,NA,NA,NA,NA,NA,NA,2048,227,20,TRUE,TRUE,227.74,3
embryo2_Pos33,Pos33,fov.34,embryo2,E8.5,102219,organogenesis,../Data/TimEmbryos-102219/slide_explorer/fovinfo_embryo2.csv,h5,512,FALSE,NA,NA,../Data/TimEmbryos-102219/segmentation/boundaryseg_Pos33-0002_Multicut Segmentation.h5,NA,NA,../Data/TimEmbryos-102219/segmentation/boundaryseg_Pos33-0005_Multicut Segmentation.h5,NA,TRUE,../Data/TimEmbryos-102219/output/1error-sqrt6-pointsratio-2020-05-22/outputData-Tim-102219-Pos33-1error-sqrt6-2020-05-22.csv,NA,NA,NA,NA,NA,NA,2048,227,20,TRUE,TRUE,227.74,3
embryo2_Pos34,Pos34,fov.35,embryo2,E8.5,102219,organogenesis,../Data/TimEmbryos-102219/slide_explorer/fovinfo_embryo2.csv,h5,512,FALSE,NA,NA,../Data/TimEmbryos-102219/segmentation/boundaryseg_Pos34-0002_Multicut Segmentation.h5,NA,NA,../Data/TimEmbryos-102219/segmentation/boundaryseg_Pos34-0005_Multicut Segmentation.h5,NA,TRUE,../Data/TimEmbryos-102219/output/1error-sqrt6-pointsratio-2020-05-22/outputData-Tim-102219-Pos34-1error-sqrt6-2020-05-22.csv,NA,NA,NA,NA,NA,NA,2048,227,20,TRUE,TRUE,227.74,3
embryo2_Pos35,Pos35,fov.36,embryo2,E8.5,102219,organogenesis,../Data/TimEmbryos-102219/slide_explorer/fovinfo_embryo2.csv,h5,512,FALSE,NA,NA,../Data/TimEmbryos-102219/segmentation/boundaryseg_Pos35-0002_Multicut Segmentation.h5,NA,NA,../Data/TimEmbryos-102219/segmentation/boundaryseg_Pos35-0005_Multicut Segmentation.h5,NA,TRUE,../Data/TimEmbryos-102219/output/1error-sqrt6-pointsratio-2020-05-22/outputData-Tim-102219-Pos35-1error-sqrt6-2020-05-22.csv,NA,NA,NA,NA,NA,NA,2048,227,20,TRUE,TRUE,227.74,3
embryo2_Pos36,Pos36,fov.37,embryo2,E8.5,102219,organogenesis,../Data/TimEmbryos-102219/slide_explorer/fovinfo_embryo2.csv,h5,512,FALSE,NA,NA,../Data/TimEmbryos-102219/segmentation/boundaryseg_Pos36-0002_Multicut Segmentation.h5,NA,NA,../Data/TimEmbryos-102219/segmentation/boundaryseg_Pos36-0005_Multicut Segmentation.h5,NA,TRUE,../Data/TimEmbryos-102219/output/1error-sqrt6-pointsratio-2020-05-22/outputData-Tim-102219-Pos36-1error-sqrt6-2020-05-22.csv,NA,NA,NA,NA,NA,NA,2048,227,20,TRUE,TRUE,227.74,3
embryo2_Pos37,Pos37,fov.38,embryo2,E8.5,102219,organogenesis,../Data/TimEmbryos-102219/slide_explorer/fovinfo_embryo2.csv,h5,512,FALSE,NA,NA,../Data/TimEmbryos-102219/segmentation/boundaryseg_Pos37-0002_Multicut Segmentation.h5,NA,NA,../Data/TimEmbryos-102219/segmentation/boundaryseg_Pos37-0005_Multicut Segmentation.h5,NA,TRUE,../Data/TimEmbryos-102219/output/1error-sqrt6-pointsratio-2020-05-22/outputData-Tim-102219-Pos37-1error-sqrt6-2020-05-22.csv,NA,NA,NA,NA,NA,NA,2048,227,20,TRUE,TRUE,227.74,3
embryo2_Pos38,Pos38,fov.39,embryo2,E8.5,102219,organogenesis,../Data/TimEmbryos-102219/slide_explorer/fovinfo_embryo2.csv,h5,512,FALSE,NA,NA,../Data/TimEmbryos-102219/segmentation/boundaryseg_Pos38-0002_Multicut Segmentation.h5,NA,NA,../Data/TimEmbryos-102219/segmentation/boundaryseg_Pos38-0005_Multicut Segmentation.h5,NA,TRUE,../Data/TimEmbryos-102219/output/1error-sqrt6-pointsratio-2020-05-22/outputData-Tim-102219-Pos38-1error-sqrt6-2020-05-22.csv,NA,NA,NA,NA,NA,NA,2048,227,20,TRUE,TRUE,227.74,3
embryo2_Pos39,Pos39,fov.40,embryo2,E8.5,102219,organogenesis,../Data/TimEmbryos-102219/slide_explorer/fovinfo_embryo2.csv,h5,512,FALSE,NA,NA,../Data/TimEmbryos-102219/segmentation/boundaryseg_Pos39-0002_Multicut Segmentation.h5,NA,NA,../Data/TimEmbryos-102219/segmentation/boundaryseg_Pos39-0005_Multicut Segmentation.h5,NA,TRUE,../Data/TimEmbryos-102219/output/1error-sqrt6-pointsratio-2020-05-22/outputData-Tim-102219-Pos39-1error-sqrt6-2020-05-22.csv,NA,NA,NA,NA,NA,NA,2048,227,20,TRUE,TRUE,227.74,3
embryo2_Pos40,Pos40,fov.41,embryo2,E8.5,102219,organogenesis,../Data/TimEmbryos-102219/slide_explorer/fovinfo_embryo2.csv,h5,512,FALSE,NA,NA,../Data/TimEmbryos-102219/segmentation/boundaryseg_Pos40-0002_Multicut Segmentation.h5,NA,NA,../Data/TimEmbryos-102219/segmentation/boundaryseg_Pos40-0005_Multicut Segmentation.h5,NA,TRUE,../Data/TimEmbryos-102219/output/1error-sqrt6-pointsratio-2020-05-22/outputData-Tim-102219-Pos40-1error-sqrt6-2020-05-22.csv,NA,NA,NA,NA,NA,NA,2048,227,20,TRUE,TRUE,227.74,3
embryo2_Pos41,Pos41,fov.42,embryo2,E8.5,102219,organogenesis,../Data/TimEmbryos-102219/slide_explorer/fovinfo_embryo2.csv,h5,512,FALSE,NA,NA,../Data/TimEmbryos-102219/segmentation/boundaryseg_Pos41-0002_Multicut Segmentation.h5,NA,NA,../Data/TimEmbryos-102219/segmentation/boundaryseg_Pos41-0005_Multicut Segmentation.h5,NA,TRUE,../Data/TimEmbryos-102219/output/1error-sqrt6-pointsratio-2020-05-22/outputData-Tim-102219-Pos41-1error-sqrt6-2020-05-22.csv,NA,NA,NA,NA,NA,NA,2048,227,20,TRUE,TRUE,227.74,3
embryo2_Pos42,Pos42,fov.43,embryo2,E8.5,102219,organogenesis,../Data/TimEmbryos-102219/slide_explorer/fovinfo_embryo2.csv,h5,512,FALSE,NA,NA,../Data/TimEmbryos-102219/segmentation/boundaryseg_Pos42-0002_Multicut Segmentation.h5,NA,NA,../Data/TimEmbryos-102219/segmentation/boundaryseg_Pos42-0005_Multicut Segmentation.h5,NA,TRUE,../Data/TimEmbryos-102219/output/1error-sqrt6-pointsratio-2020-05-22/outputData-Tim-102219-Pos42-1error-sqrt6-2020-05-22.csv,NA,NA,NA,NA,NA,NA,2048,227,20,TRUE,TRUE,227.74,3
embryo2_Pos43,Pos43,fov.44,embryo2,E8.5,102219,organogenesis,../Data/TimEmbryos-102219/slide_explorer/fovinfo_embryo2.csv,h5,512,FALSE,NA,NA,../Data/TimEmbryos-102219/segmentation/boundaryseg_Pos43-0002_Multicut Segmentation.h5,NA,NA,../Data/TimEmbryos-102219/segmentation/boundaryseg_Pos43-0005_Multicut Segmentation.h5,NA,TRUE,../Data/TimEmbryos-102219/output/1error-sqrt6-pointsratio-2020-05-22/outputData-Tim-102219-Pos43-1error-sqrt6-2020-05-22.csv,NA,NA,NA,NA,NA,NA,2048,227,20,TRUE,TRUE,227.74,3
embryo2_Pos44,Pos44,fov.45,embryo2,E8.5,102219,organogenesis,../Data/TimEmbryos-102219/slide_explorer/fovinfo_embryo2.csv,h5,512,FALSE,NA,NA,../Data/TimEmbryos-102219/segmentation/boundaryseg_Pos44-0002_Multicut Segmentation.h5,NA,NA,../Data/TimEmbryos-102219/segmentation/boundaryseg_Pos44-0005_Multicut Segmentation.h5,NA,TRUE,../Data/TimEmbryos-102219/output/1error-sqrt6-pointsratio-2020-05-22/outputData-Tim-102219-Pos44-1error-sqrt6-2020-05-22.csv,NA,NA,NA,NA,NA,NA,2048,227,20,TRUE,TRUE,227.74,3
embryo2_Pos45,Pos45,fov.46,embryo2,E8.5,102219,organogenesis,../Data/TimEmbryos-102219/slide_explorer/fovinfo_embryo2.csv,h5,512,FALSE,NA,NA,../Data/TimEmbryos-102219/segmentation/boundaryseg_Pos45-0002_Multicut Segmentation.h5,NA,NA,../Data/TimEmbryos-102219/segmentation/boundaryseg_Pos45-0005_Multicut Segmentation.h5,NA,TRUE,../Data/TimEmbryos-102219/output/1error-sqrt6-pointsratio-2020-05-22/outputData-Tim-102219-Pos45-1error-sqrt6-2020-05-22.csv,NA,NA,NA,NA,NA,NA,2048,227,20,TRUE,TRUE,227.74,3
embryo2_Pos46,Pos46,fov.47,embryo2,E8.5,102219,organogenesis,../Data/TimEmbryos-102219/slide_explorer/fovinfo_embryo2.csv,h5,512,FALSE,NA,NA,../Data/TimEmbryos-102219/segmentation/boundaryseg_Pos46-0002_Multicut Segmentation.h5,NA,NA,../Data/TimEmbryos-102219/segmentation/boundaryseg_Pos46-0005_Multicut Segmentation.h5,NA,TRUE,../Data/TimEmbryos-102219/output/1error-sqrt6-pointsratio-2020-05-22/outputData-Tim-102219-Pos46-1error-sqrt6-2020-05-22.csv,NA,NA,NA,NA,NA,NA,2048,227,20,TRUE,TRUE,227.74,3
embryo2_Pos47,Pos47,fov.48,embryo2,E8.5,102219,organogenesis,../Data/TimEmbryos-102219/slide_explorer/fovinfo_embryo2.csv,h5,512,FALSE,NA,NA,../Data/TimEmbryos-102219/segmentation/boundaryseg_Pos47-0002_Multicut Segmentation.h5,NA,NA,../Data/TimEmbryos-102219/segmentation/boundaryseg_Pos47-0005_Multicut Segmentation.h5,NA,TRUE,../Data/TimEmbryos-102219/output/1error-sqrt6-pointsratio-2020-05-22/outputData-Tim-102219-Pos47-1error-sqrt6-2020-05-23.csv,NA,NA,NA,NA,NA,NA,2048,227,20,TRUE,TRUE,227.74,3
embryo2_Pos48,Pos48,fov.49,embryo2,E8.5,102219,organogenesis,../Data/TimEmbryos-102219/slide_explorer/fovinfo_embryo2.csv,h5,512,FALSE,NA,NA,../Data/TimEmbryos-102219/segmentation/boundaryseg_Pos48-0002_Multicut Segmentation.h5,NA,NA,../Data/TimEmbryos-102219/segmentation/boundaryseg_Pos48-0005_Multicut Segmentation.h5,NA,TRUE,../Data/TimEmbryos-102219/output/1error-sqrt6-pointsratio-2020-05-22/outputData-Tim-102219-Pos48-1error-sqrt6-2020-05-23.csv,NA,NA,NA,NA,NA,NA,2048,227,20,TRUE,TRUE,227.74,3
embryo2_Pos49,Pos49,fov.50,embryo2,E8.5,102219,organogenesis,../Data/TimEmbryos-102219/slide_explorer/fovinfo_embryo2.csv,h5,512,FALSE,NA,NA,../Data/TimEmbryos-102219/segmentation/boundaryseg_Pos49-0002_Multicut Segmentation.h5,NA,NA,../Data/TimEmbryos-102219/segmentation/boundaryseg_Pos49-0005_Multicut Segmentation.h5,NA,TRUE,../Data/TimEmbryos-102219/output/1error-sqrt6-pointsratio-2020-05-22/outputData-Tim-102219-Pos49-1error-sqrt6-2020-05-23.csv,NA,NA,NA,NA,NA,NA,2048,227,20,TRUE,TRUE,227.74,3
embryo2_Pos50,Pos50,fov.51,embryo2,E8.5,102219,organogenesis,../Data/TimEmbryos-102219/slide_explorer/fovinfo_embryo2.csv,h5,512,FALSE,NA,NA,../Data/TimEmbryos-102219/segmentation/boundaryseg_Pos50-0002_Multicut Segmentation.h5,NA,NA,../Data/TimEmbryos-102219/segmentation/boundaryseg_Pos50-0005_Multicut Segmentation.h5,NA,TRUE,../Data/TimEmbryos-102219/output/1error-sqrt6-pointsratio-2020-05-22/outputData-Tim-102219-Pos50-1error-sqrt6-2020-05-23.csv,NA,NA,NA,NA,NA,NA,2048,227,20,TRUE,TRUE,227.74,3